id;message;date
1;payment Awesome Concrete Keyboard Health;2020-03-02T01:31:16
2;magenta circuit Unbranded;2020-03-02T08:53:51
3;THX Gorgeous reintermediate;2020-03-01T15:02:11
4;Sharable Operations Borders;2020-03-02T06:28:02
5;South Carolina web-enabled Cape Verde Escudo;2020-03-02T05:47:14
6;Manager Colombia virtual;2020-03-01T16:04:48
7;calculating Plains Plastic;2020-03-01T16:15:56
8;indexing application Knoll;2020-03-02T03:20:22
9;killer lime Horizontal;2020-03-02T01:47:00
10;Small Plastic Fish;2020-03-01T13:08:09
